Page,Date of Post,Post Copy,Link,Post Type,Hour of Post,Time of Day,Shares,Reactions,Likes,Comments
Spartan Race,8/30/2016,Find out tomorrow night how the sandbag carry will make or break the men's elite podium in the Penns…,https://www.facebook.com/spartanrace/videos/10153688455391861/,video,0,Late Night,252,470,444,25
Spartan Race,8/30/2016,"Through grit and determination, fearless battles and triumphs, this mountain has been annointed with…",https://www.facebook.com/spartanrace/videos/10153689710261861/,video,14,Afternoon,129,399,382,18
Spartan Race,8/30/2016,"Tune in and work out with Epic Alexander Nicohlas at Epic Hybrid Training for today's ""Lunchtime Wor…",https://www.facebook.com/spartanrace/videos/10153689880451861/,video,15,Evening,46,416,388,46
Spartan Race,8/30/2016,Q&A with Epic Alexander Nicholas! Ask about his Lunchtime Workout routine or other ways to get fitne…,https://www.facebook.com/spartanrace/videos/10153689894236861/,video,15,Evening,15,202,193,25
Spartan Race,8/30/2016,"""It's an opportunity to learn from [Amanda], to learn that spirit."" - Amelia Boone

Spartan Pro, Ame…",https://www.facebook.com/spartanrace/videos/10153690789351861/,video,23,Late Night,440,1046,879,48
Spartan Race,8/31/2016,"Suns out guns out in Austin, Texas!! Spartan Strong host Evan Dollard talks about explosiveness when…",https://www.facebook.com/spartanrace/videos/10153690890801861/,video,0,Late Night,26,382,358,81
Spartan Race,8/31/2016,"Alyssa Hawley Grip and rip challenge workout! 
http://sprtn.im/WHYIRACE_2016",https://www.facebook.com/spartanrace/videos/10153691944911861/,video,13,Afternoon,73,600,544,105
Spartan Race,8/31/2016,"There are a few simple do's and don'ts to avoid ankle pain, on and off the Spartan course.",http://sprtn.im/2bEWvP1,link,14,Afternoon,60,252,246,31
Spartan Race,8/31/2016,"Every racer has a story, what's yours? #WHYIRACE http://sprtn.im/WHYIRACE_2016",https://www.facebook.com/spartanrace/photos/a.10150560594891861.372646.251061411860/10153601740941861/?type=3,photo,15,Evening,63,604,560,24
Spartan Race,8/31/2016,"Join Spartan Pro Team member Cassidy Watton at Epic Hybrid Training in our ""Lunchtime Workout"" serie…",https://www.facebook.com/spartanrace/videos/10153692304476861/,video,15,Evening,27,377,353,43
Spartan Race,8/31/2016,Tired of the Summer heat? Spartan is looking to put on a first ever Winter Race in the United States…,,status,20,Evening,,100,88,86
Spartan Race,9/1/2016,"The early Spartan catches the first glimpse. 

Buy, share and review Obstacle Course Racing's first …",http://apple.co/2c2iQ7M,link,4,Late Night,14,119,116,7
Spartan Race,9/1/2016,Meet Coach Q your September workout coach http://sprtn.im/WHYIRACE_2016,https://www.facebook.com/spartanrace/videos/10153694715391861/,video,13,Afternoon,28,352,321,45
Spartan Race,9/1/2016,"Sidelined by injuries last season, Becca Clifford has taken a different approach to training and rac…",http://bit.ly/2bbLAH1,link,14,Afternoon,5,52,50,0
Spartan Race,9/1/2016,Forget about just a lunchtime workout - Spartan Alexander Nicholas is serving up a 100 REP WORKWEEK …,https://www.facebook.com/spartanrace/videos/10153694912646861/,video,15,Evening,49,278,249,30
Spartan Race,9/1/2016,ASK EPIC ALEXANDER ANYTHING! Live Q&A - ask about the workweek challenge he just demonstrated or any…,https://www.facebook.com/spartanrace/videos/10153694938951861/,video,16,Evening,5,229,209,42
Spartan Race,9/1/2016,"#AROO to Amanda Sullivan Love (@cruthcing_tigress) for being a #BeautyAndABeast inside and out!
""I m…",https://www.facebook.com/spartanrace/photos/a.10150616692721861.380805.251061411860/10153695148201861/?type=3,photo,18,Evening,331,4862,3633,101
Spartan Race,9/1/2016,IORF - International Obstacle Racing Federation President Ian Adamson talks about what's next for th…,https://www.facebook.com/CheddarLife/videos/155173594925258/,video,18,Evening,,7,6,0
Spartan Race,9/1/2016,0,https://www.facebook.com/events/331009823910067/,event,18,Evening,,192,188,1
Spartan Race,9/1/2016,#tbt to when Jon Albon shocked the world and Claude Godbout became a two-time World Champion. Who wi…,https://www.facebook.com/spartanrace/videos/10153695541466861/,video,21,Evening,56,257,239,7
Spartan Race,9/1/2016,"Follow Robert Killian on his road back to Tahoe in ""Hard Work Defined"" presented by Ascent Protein. …",https://www.facebook.com/spartanrace/videos/10153694909121861/,video,23,Late Night,129,1236,1178,14
Spartan Race,9/1/2016,Coach Jodie Somers is live from Australia with a strength workout to prepare you for your next Spart…,https://www.facebook.com/spartanrace/videos/10153695816636861/,video,23,Late Night,28,383,344,43
Spartan Race,9/1/2016,"Do you like Spartan Race and documentaries? Trick question - everyone does. Download ""Rise of The Su…",https://www.facebook.com/sufferfests/videos/635070136656433/,video,23,Late Night,1,727,647,97
Spartan Race,9/2/2016,"Coach Q morning WOD ""All about that base"" http://sprtn.im/WHYIRACE_2016",https://www.facebook.com/spartanrace/videos/10153697244106861/,video,14,Afternoon,34,284,260,34
Spartan Race,9/2/2016,"Causing smiles on #SpartanKids and adults since 431 BC. #SpartanRace

http://sprtn.im/WHYIRACE_2016",https://www.facebook.com/spartanrace/photos/a.10150616692721861.380805.251061411860/10153697372071861/?type=3,photo,15,Evening,9,317,308,6
Spartan Race,9/2/2016,"Spartan Race Host David Magida Recaps Tuesday's Episode: The Blue Mountain Challenge from Palmerton,…",https://www.facebook.com/spartanrace/videos/10153697384266861/,video,15,Evening,10,179,160,38
Spartan Race,9/2/2016,"Join Spartan Pro Team member Cassidy Watton at Epic Hybrid Training in our ""Lunchtime Workout"" serie…",https://www.facebook.com/spartanrace/videos/10153697453681861/,video,15,Evening,23,241,227,16
Spartan Race,9/2/2016,Ask Spartan Pro Team member Cassidy Watton ANYTHING! Live Q&A - ask about the workweek challenge she…,https://www.facebook.com/spartanrace/videos/10153697503811861/,video,16,Evening,10,376,341,41
Spartan Race,9/2/2016,"BROCR braved the altitude of Breckenridge, the final race of the U.S. Championship Series. #SpartanR…",https://www.facebook.com/spartanrace/videos/10153697782921861/,video,18,Evening,11,133,128,4
Spartan Race,9/2/2016,"Tag the friend who got you to run your first #SpartanRace, even if they had to carry you kicking and…",https://www.facebook.com/spartanrace/photos/a.10150616692721861.380805.251061411860/10153697880841861/?type=3,photo,18,Evening,66,895,860,229
Spartan Race,9/2/2016,"Coming into each race it was anyone's game, but ulimately Spartan elite, Ryan Atkins prevailed as wi…",https://www.facebook.com/spartanrace/videos/10153698127391861/,video,21,Evening,20,362,351,5
Spartan Race,9/2/2016,Introducing Spartan World Championship VIP Upgrades. Experience the World Championship like a true S…,http://sprtn.im/2cglpAw,link,21,Evening,13,98,97,2
Spartan Race,9/2/2016,Three day weekend means more time for #SpartanTraining. How are you staying active this weekend? #Sp…,https://www.facebook.com/spartanrace/photos/a.10150616692721861.380805.251061411860/10153698418466861/?type=3,photo,23,Late Night,9,478,461,14
Spartan Race,9/3/2016,"#AROO to the Spartans giving their all around the globe this weekend at races in Australia, Slovakia…",https://www.facebook.com/spartanrace/photos/a.10150616692721861.380805.251061411860/10153699701941861/?type=3,photo,13,Afternoon,10,313,303,4
Spartan Race,9/3/2016,"The heat at the Peterborough, UK #SpartanRace has just been turned up, and we aren't referring to th…",https://www.facebook.com/spartanrace/videos/10153699728081861/,video,13,Afternoon,306,4282,3666,107
Spartan Race,9/3/2016,Get back to work and take 30% off your next race. Use Code: SUMMER30 http://sprtn.im/EndOfSummer,https://www.facebook.com/spartanrace/photos/a.10150560594891861.372646.251061411860/10153699937881861/?type=3,photo,14,Afternoon,52,142,139,31
Spartan Race,9/3/2016,Spartan Jenni @fearless_jenni races to test her limits. Her medals exist as reminders to push past b…,https://www.facebook.com/spartanrace/photos/a.10150616692721861.380805.251061411860/10153700283121861/?type=3,photo,17,Evening,58,1224,1093,61
Spartan Race,9/3/2016,Now that's a leg day. How do you train solid stems to tackle the steep climbs at a #SpartanRace? #Sp…,https://www.facebook.com/spartanrace/videos/10153700294496861/,video,18,Evening,79,1002,959,37
Spartan Race,9/3/2016,"Lindsay Webster reigns supreme as winner of the Spartan US Championship Series, but is she the best …",https://www.facebook.com/spartanrace/videos/10153700677161861/,video,21,Evening,54,847,813,8
Spartan Race,9/4/2016,The toughest part of Tahoe and how to train for it. #RoadToTahoe,http://bit.ly/2bJysKN,link,14,Afternoon,35,336,320,21
Spartan Race,9/4/2016,"The harder you work for something, the better you'll feel when you achieve it. #WHYIRACE #SpartanRac…",https://www.facebook.com/spartanrace/photos/a.10150616692721861.380805.251061411860/10153702409696861/?type=3,photo,14,Afternoon,24,743,728,2
Spartan Race,9/4/2016,#AROO to our neighbors up north who clearly have no problem getting muddy on the course at the 2016 …,https://www.facebook.com/spartanrace/photos/a.10150616692721861.380805.251061411860/10153702945256861/?type=3,photo,18,Evening,7,718,694,6
Spartan Race,9/4/2016,Know your limitations and then defy them. #WHYIRACE #SpartanRace,https://www.facebook.com/spartanrace/photos/a.10150616692721861.380805.251061411860/10153703431211861/?type=3,photo,22,Evening,63,798,770,9
Spartan Race,9/5/2016,Congratulations to @SpartanProTeam member Faye Stenning (@fayestenning_ocr) on her back to back vict…,https://www.facebook.com/spartanrace/photos/a.10150616692721861.380805.251061411860/10153704805631861/?type=3,photo,14,Afternoon,2,335,328,4
Spartan Race,9/5/2016,"Coach Q WOD ""Love of Labor"" http://sprtn.im/WHYIRACE_2016",https://www.facebook.com/spartanrace/videos/10153704897706861/,video,14,Afternoon,27,294,266,29
Spartan Race,9/5/2016,"In honor of #LaborDay, we'd like to extend a special thanks to all the hardworking staff, crew and v…",https://www.facebook.com/spartanrace/photos/a.10150616692721861.380805.251061411860/10153705128476861/?type=3,photo,16,Evening,5,860,830,9
Spartan Race,9/5/2016,"Ali Tucker is committed to herself, her family and the Spartan Delta. #WHYIRACE",http://sprtn.im/2bMZQXr,link,19,Evening,10,339,326,3
Spartan Race,9/5/2016,Everything you need to know about stress fractures.,http://bit.ly/2bJBbUC,link,22,Evening,37,166,162,8
Spartan Race,9/5/2016,Coach Jodie Somers is live from Australia with a lower body/ core strength workout to get you ready …,https://www.facebook.com/spartanrace/videos/10153705939291861/,video,23,Late Night,39,487,434,51
Spartan Race,9/6/2016,"You don't need to be a beast to conquer a #SpartanRace Ultra Beast, but for Spartan  @visokplecat, i…",https://www.facebook.com/spartanrace/photos/a.10150616692721861.380805.251061411860/10153706129771861/?type=3,photo,0,Late Night,13,1117,1036,21
Spartan Race,9/6/2016,Post pictures and stories of your own #SpartanTransformation with the hashtag #SpartanOK for a chanc…,https://www.facebook.com/spartanrace/photos/a.10150616692721861.380805.251061411860/10153707289106861/?type=3,photo,14,Afternoon,9,536,506,17
Spartan Race,9/6/2016,Get back to work and take 30% off your next race. Use Code: SUMMER30 http://bit.ly/EndOfSummer2016,https://www.facebook.com/spartanrace/photos/a.10150560594891861.372646.251061411860/10153707583066861/?type=3,photo,16,Evening,47,108,104,27
Spartan Race,9/7/2016,"Does the reigning, Spartan World Champion have what it takes?",http://sprtn.im/2bqgbo1,link,0,Late Night,3,148,138,1
Spartan Race,9/7/2016,"""You'll either find me in a dress or covered in mud, there's not much in between."" - @kateehudson713…",https://www.facebook.com/spartanrace/photos/a.10150616692721861.380805.251061411860/10153709669851861/?type=3,photo,14,Afternoon,6,1297,1234,13
Spartan Race,9/7/2016,"Coach Q WOD ""Buckets, Logs, Sandbags & Stuff"" http://sprtn.im/WHYIRACE_2016",https://www.facebook.com/spartanrace/videos/10153709770356861/,video,15,Evening,38,395,367,48
Spartan Race,9/7/2016,"How would you define a World Champion Spartan Racer? #SpartanRace #RoadToTahoe

Introducing Spartan …",https://www.facebook.com/spartanrace/videos/10153709898731861/,video,16,Evening,79,248,231,9
Spartan Race,9/7/2016,"Matt ""The Bear"" Novakovich announces the lucky winner of the Tahoe Sweepstakes. If you didn't win th…",https://www.facebook.com/spartanrace/videos/10153710057871861/,video,18,Evening,24,411,365,90
Spartan Race,9/7/2016,We prefer women who aren't afraid to get a little dirt under their fingernails. #SpartanRace #WCW #W…,https://www.facebook.com/spartanrace/photos/a.10150616692721861.380805.251061411860/10153710551991861/?type=3,photo,22,Evening,63,938,881,17
Spartan Race,9/8/2016,Coach Jodie Somers is live from Australia with a grip strength workout to get you ready for your nex…,https://www.facebook.com/spartanrace/videos/10153710847401861/,video,0,Late Night,51,442,405,66
Spartan Race,9/8/2016,We all race for a reason - what's yours? Post a photo or video tagged #WHYIRACE and share your story…,https://www.facebook.com/spartanrace/photos/a.10150616692721861.380805.251061411860/10153711993076861/?type=3,photo,14,Afternoon,21,240,229,9
Spartan Race,9/8/2016,"Having come so close in previous years, can Robert Killian finally take home first in the Best Range…",https://www.facebook.com/spartanrace/videos/10153712332971861/,video,17,Evening,49,342,326,8
Spartan Race,9/8/2016,"Never lose sight of what your goal is. Keep your eyes on the finish line. #SpartanRace #WHYIRACE

ht…",https://www.facebook.com/spartanrace/videos/10153712647306861/,video,20,Evening,252,805,711,17
Spartan Race,9/8/2016,"Spartan Workout Tour 101 - 
Q & As 
www.spartan.com/spartan-workout-tour/",https://www.facebook.com/spartanrace/videos/10153712985371861/,video,23,Late Night,9,216,192,91
Spartan Race,9/8/2016,"Spartan Workout Tour 101 - 
Q & As 
www.spartan.com/spartan-workout-tour/",https://www.facebook.com/spartanrace/videos/10153713044956861/,video,23,Late Night,11,240,213,72
Spartan Race,9/9/2016,"Coach Q WOD ""300 AROO"" http://sprtn.im/WHYIRACE_2016",https://www.facebook.com/spartanrace/videos/10153714375096861/,video,14,Afternoon,35,302,268,27
Spartan Race,9/9/2016,Spartan Pro Faye Stenning (@fayestenning_ocr) won't let the a rope hang between her and first place …,https://www.facebook.com/spartanrace/videos/10153714450181861/,video,15,Evening,32,408,391,25
Spartan Race,9/9/2016,"Chapter II: Recovering addict, Ray Morvan, travels 2,000+ miles to get a new brain.",http://bit.ly/2batCdO,link,18,Evening,14,47,44,0
Spartan Race,9/9/2016,Spartan Jenna Wolfe leads us today with some #SpartanTraining that will get you ready for your next …,https://www.facebook.com/jennawolfefitness/videos/1171257662915321/,video,18,Evening,,89,87,1
Spartan Race,9/9/2016,"This weekend, Spartans descend upon Fort Bragg, North Carolina- Home of the U.S. Army Airborne force…",https://www.facebook.com/spartanrace/videos/10153714967121861/,video,19,Evening,228,1111,1059,52
Spartan Race,9/9/2016,"With woodlands, grass, and of course the obligatory water, the Ft. Bragg Sprint is ideal to test Spa…",https://www.facebook.com/spartanrace/photos/a.10150616692721861.380805.251061411860/10153714972401861/?type=3,photo,20,Evening,114,361,346,36
Spartan Race,9/9/2016,Wish you could tackle a #SpartanRace course at the base of the Austrian Alps? Now you can. Virtually…,https://www.facebook.com/spartanrace/photos/a.10150616692721861.380805.251061411860/10153715145801861/?type=3,photo,21,Evening,21,380,351,4
Spartan Race,9/9/2016,"To whoever asks, show them where it all began.",https://www.facebook.com/spartanrace/videos/10153715351866861/,video,23,Late Night,41,189,174,14
Spartan Race,9/9/2016,Coach Jodie Somers is live from Australia with a weekend strength workout to help you with your next…,https://www.facebook.com/spartanrace/videos/10153715353831861/,video,23,Late Night,52,469,423,29
Spartan Race,9/10/2016,"The Elite men explode off the start line, kicking off the 2016 Ft Bragg #SpartanRace Military Sprint…",https://www.facebook.com/spartanrace/photos/a.10150616692721861.380805.251061411860/10153716522171861/?type=3,photo,12,Afternoon,24,701,673,11
Spartan Race,9/10/2016,SpartanRace Pro Team Member Robert Killian will be attempting a #Trifecta sweep this weekend at Ober…,https://www.facebook.com/spartanrace/photos/a.10150616692721861.380805.251061411860/10153716536716861/?type=3,photo,12,Afternoon,2,216,214,0
Spartan Race,9/10/2016,The Elite Women storm the course at the 2016 Ft Bragg #SpartanRace Military Sprint. Who will take th…,https://www.facebook.com/spartanrace/photos/a.10150616692721861.380805.251061411860/10153716556461861/?type=3,photo,13,Afternoon,19,617,600,5
Spartan Race,9/10/2016,The first open heat at the Ft Bragg #SpartanRace Sprint is about to begin. Safe to say they're excit…,https://www.facebook.com/spartanrace/photos/a.10150616692721861.380805.251061411860/10153716574406861/?type=3,photo,13,Afternoon,24,366,353,2
Spartan Race,9/10/2016,The hills are alive with the sound of #AROO #AROO #AROO! Click here- http://bit.ly/2cvVNiX to see al…,https://www.facebook.com/spartanrace/photos/a.10150616692721861.380805.251061411860/10153716656546861/?type=3,photo,13,Afternoon,6,309,298,5
Spartan Race,9/10/2016,#AROO to the largest team at the 2016 Ft Bragg #SpartanRace Sprint: Team OEW at 293 strong!,https://www.facebook.com/spartanrace/photos/a.10150616692721861.380805.251061411860/10153716796206861/?type=3,photo,14,Afternoon,71,893,797,14
Spartan Race,9/10/2016,"Spartan Workout Tour
Tawba Fest
Rock Hill, SC",https://www.facebook.com/spartanrace/videos/10153717262061861/,video,19,Evening,45,569,513,28
Spartan Race,9/10/2016,World Champion Robert Killian (@robert_killian ) leading the #SpartanRace Beast in Austria.,https://www.facebook.com/spartanrace/photos/a.10150616692721861.380805.251061411860/10153717334551861/?type=3,photo,20,Evening,28,1122,1037,26
Spartan Race,9/11/2016,Get in gear for your next challenge! SAVE 25% off the Peak Mountain Bike Gnarly Adventure or 6 Hour …,http://bit.ly/2c3njpT,link,0,Late Night,9,50,48,10
Spartan Race,9/11/2016,We remember.,https://www.facebook.com/spartanrace/photos/a.439374891860.239350.251061411860/10153012277556861/?type=3,photo,12,Afternoon,762,12412,12166,50
Spartan Race,9/11/2016,0,https://www.facebook.com/spartanrace/photos/a.10150560594891861.372646.251061411860/10153719020126861/?type=3,photo,12,Afternoon,63,1530,1422,3
Spartan Race,9/11/2016,"Congratulations to the top Elites of the 2016 #SpartanRace Ft Bragg Sprint.
Your top three Elite wom…",https://www.facebook.com/spartanrace/photos/a.10150616692721861.380805.251061411860/10153719557881861/?type=3,photo,17,Evening,11,458,442,10
Spartan Race,9/11/2016,"Mountains, mud and... more mud. #AROO to the Spartans who braved the #Trifecta weekend in Tirol, Aus…",https://www.facebook.com/spartanrace/photos/a.10150616692721861.380805.251061411860/10153719976321861/?type=3,photo,20,Evening,46,1264,1195,22
Spartan Race,9/12/2016,"How one young adult's struggle with extremes led him to seek a happy, life-changing outlet, Spartan …",http://sprtn.im/2bzEMTI,link,14,Afternoon,3,70,68,0
Spartan Race,9/12/2016,"Coach Q WOD ""Basic Training 2.0"" Endurance Week http://sprtn.im/WHYIRACE_2016",https://www.facebook.com/spartanrace/videos/10153721781931861/,video,15,Evening,50,341,308,38
Spartan Race,9/12/2016,Get back to work and take 30% off your next race. Use Code: SUMMER30 http://bit.ly/EndOfSummer2016,https://www.facebook.com/spartanrace/photos/a.10150560594891861.372646.251061411860/10153707583066861/?type=3,photo,15,Evening,47,108,104,27
Spartan Race,9/12/2016,"Check out Joe Di's tips on the best way to pack for the Killington Beast. #RoadToTahoe #SpartanRace
…",https://www.facebook.com/spartanrace/videos/10153721838121861/,video,15,Evening,32,125,121,14
Spartan Race,9/12/2016,"Thank you to all the Spartans that raced, cheered and volunteered at the Fort Bragg Spartan Race Spr…",https://www.facebook.com/spartanrace/photos/a.10150616692721861.380805.251061411860/10153722479091861/?type=3,photo,21,Evening,18,515,481,21
Spartan Race,9/12/2016,Coach Jodie Somers is live from Australia with a workout to help you increase your speed for your ne…,https://www.facebook.com/spartanrace/videos/10153722724201861/,video,23,Late Night,53,598,517,66
Spartan Race,9/13/2016,Should Spartans be stoics?,http://sprtn.im/2cqth2a,link,0,Late Night,21,137,130,7
Spartan Race,9/13/2016,#MedalMonday is only this badass the Monday after a #SpartanRace Military Sprint. #AROO to @chris_sp…,https://www.facebook.com/spartanrace/photos/a.10150616692721861.380805.251061411860/10153722844011861/?type=3,photo,0,Late Night,59,1058,998,41
Spartan Race,9/13/2016,"Become a Spartan Obstacle Specialist - Come. Climb. Conquer.

Skip the Burpees: http://sprtn.im/Obst…",https://www.facebook.com/spartanrace/videos/10153724010881861/,video,14,Afternoon,104,639,604,26
Spartan Race,9/13/2016,"The Austrian press caught up with #SpartanRace World Champion, Robert Killian moments after he took …",https://www.facebook.com/spartanrace/videos/10153724348091861/,video,17,Evening,22,285,276,10
Spartan Race,9/13/2016,"Clif Bar athlete, Rose Wetzel, one of the top female OCR athletes will be competing at this year's W…",https://www.facebook.com/spartanrace/photos/a.10150616692721861.380805.251061411860/10153724640806861/?type=3,photo,19,Evening,1,223,214,0
Spartan Race,9/13/2016,"Have you completed your #Trifecta? #WHYIRACE #SpartanRace

http://sprtn.im/WHYIRACE_2016",https://www.facebook.com/spartanrace/photos/a.10150616692721861.380805.251061411860/10153725062506861/?type=3,photo,23,Late Night,79,599,570,40
Spartan Race,9/13/2016,"The VTster's WOD ðŸ’ª 
Check out Orla Walsh showing you some different ways you can get a workout at…",https://www.facebook.com/spartanrace/videos/10153725061621861/,video,23,Late Night,25,349,319,47
Spartan Race,9/14/2016,"Coach Q WOD ""Funky 10"" http://sprtn.im/WHYIRACE_2016",https://www.facebook.com/spartanrace/videos/10153726554776861/,video,15,Evening,30,247,224,25
Spartan Race,9/14/2016,Last day to SAVE. Use code SUMMER30 now to save 30% off in these final dog days of summer. TAG 3 FRI…,http://sprtn.im/2cxcsly,link,16,Evening,17,59,58,11
Spartan Race,9/14/2016,"Coach Q ""Spartan Coaches Clinic"" tips for this weekends race http://sprtn.im/WHYIRACE_2016",https://www.facebook.com/spartanrace/videos/10153726946546861/,video,19,Evening,74,378,325,93
Spartan Race,9/14/2016,"You may have experienced Fenway Park, just not like this. #SpartanRace

http://sprtn.im/Fenway-Sprin…",https://www.facebook.com/spartanrace/videos/10153727146241861/,video,20,Evening,69,277,261,41
Spartan Race,9/14/2016,@samanthajcurrie isn't messing around. #BeatyAndABeast #SpartanRace,https://www.facebook.com/spartanrace/photos/a.10150616692721861.380805.251061411860/10153727339356861/?type=3,photo,22,Evening,16,1249,1171,27
Spartan Race,9/14/2016,When you realize he's only one medal away from earning his #Trifecta...,https://www.facebook.com/spartanrace/photos/a.10150616692721861.380805.251061411860/10153727477991861/?type=3,photo,23,Late Night,25,567,466,29
Spartan Race,9/15/2016,"Clif Bar athlete, Jon Albon, 2014 Spartan World champion... Returns to Lake Tahoe to take back the h…",https://www.facebook.com/spartanrace/photos/a.10150616692721861.380805.251061411860/10153727606736861/?type=3,photo,0,Late Night,3,150,146,0
Spartan Race,9/15/2016,Coach Jodie Somers is live from Australia with a Spartan Stair Session for speed to help get you rea…,https://www.facebook.com/spartanrace/videos/10153727624686861/,video,0,Late Night,28,396,349,30
Spartan Race,9/15/2016,Only HOURS left. Use code SUMMER30 now to save 30% off in these final dog days of summer. TAG 3 FRIE…,http://sprtn.im/2crueZP,link,1,Late Night,7,48,47,6
Spartan Race,9/15/2016,What are your favorite memories from the 2015 Spartan World Championship in Lake Tahoe? Tell us in t…,http://sprtn.im/2bRa0p2,link,2,Late Night,4,51,50,12
Spartan Race,9/15/2016,"Them triceps tho. #SpartanTraining http://sprtn.im/WHYIRACE_2016

Photo cred:@adamwesterr",https://www.facebook.com/spartanrace/photos/a.10150616692721861.380805.251061411860/10153728766626861/?type=3,photo,14,Afternoon,8,287,273,7
Spartan Race,9/15/2016,"Every racer has a story, what's yours? #WHYIRACE http://sprtn.im/WHYIRACE_2016",https://www.facebook.com/spartanrace/photos/a.10150560594891861.372646.251061411860/10153601740941861/?type=3,photo,14,Afternoon,63,604,560,24
Spartan Race,9/15/2016,"What are you capable of? #WHYIRACE #SpartanRace

http://sprtn.im/WHYIRACE_2016",https://www.facebook.com/spartanrace/photos/a.10150616692721861.380805.251061411860/10153729078451861/?type=3,photo,17,Evening,90,677,642,4
Spartan Race,9/15/2016,Robert Killian endured 48 hours at Agoge 001 on the frozen tundra of Vermont starting his #RoadToTah…,https://www.facebook.com/spartanrace/videos/10153729290081861/,video,19,Evening,220,601,533,33
Spartan Race,9/15/2016,#tbt to an epic #SpartanRace #Trifecta weekend at the foothills of the Austrian Alps. #SpartanWorld,https://www.facebook.com/spartanrace/photos/a.10150616692721861.380805.251061411860/10153729532616861/?type=3,photo,20,Evening,4,351,333,4
Spartan Race,9/15/2016,What happens when you match some of the world's most well rounded athletes against each other? A who…,https://www.facebook.com/spartanrace/videos/10153729755101861/,video,22,Evening,67,471,442,11
Spartan Race,9/16/2016,The VTster's WOD! Check out Orla Vermontster Walsh's killer gym sweat sesh in VT! She'll be in Killi…,https://www.facebook.com/spartanrace/videos/10153729946331861/,video,0,Late Night,15,307,273,28
Spartan Race,9/16/2016,"Spartans return to the birth place of Spartan in Killington, Vermont.  If you want to experience one…",https://www.facebook.com/spartanrace/videos/10153731264716861/,video,14,Afternoon,126,449,424,29
Spartan Race,9/16/2016,"Coach Q WOD ""Let's hangout"" http://sprtn.im/WHYIRACE_2016",https://www.facebook.com/spartanrace/videos/10153731387646861/,video,15,Evening,30,301,272,51
Spartan Race,9/16/2016,#fbf to Robert Killian's first place finish at the 2015 Spartan World Championship in North Lake Tah…,https://www.facebook.com/spartanrace/photos/a.10150616692721861.380805.251061411860/10153731480376861/?type=3,photo,16,Evening,2,222,215,1
Spartan Race,9/16/2016,"Welcome to the Birthplace of the Spartan Beast, Killington, VT. If you think youâ€™re among the badd…",https://www.facebook.com/spartanrace/photos/a.10150616692721861.380805.251061411860/10153731714356861/?type=3,photo,18,Evening,290,714,655,90
Spartan Race,9/16/2016,"Spartan's first feature length film chronicles the participants from Agoge 001, in the frozen wilder…",https://www.facebook.com/spartanrace/videos/10153732021891861/,video,21,Evening,57,432,405,12
Spartan Race,9/16/2016,Your #SwoleMate is now just a swipe away. Weights N' Dates is a  #SpartanRace approved way to meet f…,https://www.facebook.com/spartanrace/photos/a.10150616692721861.380805.251061411860/10153732276236861/?type=3,photo,22,Evening,14,342,309,24
Spartan Race,9/16/2016,We're less than 24 hours away from kicking off the 2016 #SpartanRace SoCal weekend at Pala Raceway j…,https://www.facebook.com/spartanrace/videos/10153732281671861/,video,22,Evening,169,614,564,86
Spartan Race,9/16/2016,"Welcome to the Birthplace of the #SpartanRace Beast, Killington, VT. If you think youâ€™re among the…",https://www.facebook.com/spartanrace/videos/10153732290511861/,video,22,Evening,109,626,579,29
Spartan Race,9/16/2016,Coach Jodie Somers is live from Australia with a Partner Workout for speed to get you pumped and rea…,https://www.facebook.com/spartanrace/videos/10153732373386861/,video,23,Late Night,37,408,364,35
Spartan Race,9/17/2016,Spartans return to SoCal this weekend for a Beast and Sprint. On this course you should expect more …,https://www.facebook.com/spartanrace/videos/10153732489621861/,video,1,Late Night,101,449,407,24
Spartan Race,9/17/2016,The Elite men kick off the Beast in Killington. #SpartanRace,https://www.facebook.com/spartanrace/videos/10153733372161861/,video,11,Morning,40,892,810,82
Spartan Race,9/17/2016,The elite women chase the beast in killington #spartanrace,https://www.facebook.com/spartanrace/videos/10153733398436861/,video,11,Morning,25,816,770,31
Spartan Race,9/17/2016,Less than one month until Spartans will battle it out for the title of Spartan Race World Champion a…,https://www.facebook.com/spartanrace/videos/10153733423901861/,video,12,Afternoon,18,172,163,7
Spartan Race,9/17/2016,The battle is on in Vermont and SoCal. Two huge races with tons of competition. Who will take the fi…,https://www.facebook.com/spartanrace/photos/a.10150616692721861.380805.251061411860/10153733672111861/?type=3,photo,14,Afternoon,9,470,463,5
Spartan Race,9/17/2016,It's back... #SpartanRace,https://www.facebook.com/spartanrace/photos/a.10150616692721861.380805.251061411860/10153733910581861/?type=3,photo,15,Evening,168,2623,2343,132
Spartan Race,9/17/2016,The Elite Women explode off the start line and up the first incline of the 2016 SoCal #SpartanRace B…,https://www.facebook.com/spartanrace/photos/a.10150616692721861.380805.251061411860/10153733915816861/?type=3,photo,15,Evening,12,778,750,13
Spartan Race,9/17/2016,First place Elite woman crossing the finish line in Killington. #SpartanRace,https://www.facebook.com/spartanrace/videos/10153733970506861/,video,16,Evening,33,919,837,27
Spartan Race,9/18/2016,"Congratulations to the podium finishers of the SoCal #SpartanRace Beast. 
Your top female Elites are…",https://www.facebook.com/spartanrace/photos/a.10150616692721861.380805.251061411860/10153734986281861/?type=3,photo,0,Late Night,5,328,320,2
Spartan Race,9/18/2016,The sun rises over the SÃ£o Paulo #SpartanRace Sprint. #AROO and #BoaSorte to those running today in…,https://www.facebook.com/spartanrace/photos/a.10150616692721861.380805.251061411860/10153736005291861/?type=3,photo,10,Morning,25,816,776,15
Spartan Race,9/18/2016,"Congratulations to the top Elite men and women of the 2016 Killington #SpartanRace Beast.
Your top E…",https://www.facebook.com/spartanrace/photos/a.10150616692721861.380805.251061411860/10153736056771861/?type=3,photo,11,Morning,13,522,508,11
Spartan Race,9/18/2016,The feeling you get when you cross the finish line- worth fighting for. #SpartanRace,https://www.facebook.com/spartanrace/photos/a.10150616692721861.380805.251061411860/10153736390326861/?type=3,photo,13,Afternoon,50,1336,1286,20
Spartan Race,9/18/2016,Let's hear an #AROO for the Spartans brave (crazy) enough to take on the steep terrain at Killington…,https://www.facebook.com/spartanrace/photos/a.10150616692721861.380805.251061411860/10153736416751861/?type=3,photo,14,Afternoon,12,831,807,18
Spartan Race,9/18/2016,On both coasts Spartans launch off the line kicking off the Vermont and SoCal #SpartanRace Sprints.,https://www.facebook.com/spartanrace/photos/a.10150616692721861.380805.251061411860/10153736614596861/?type=3,photo,15,Evening,11,653,619,13
Spartan Race,9/18/2016,Coach Q SoCal Sprint http://sprtn.im/WHYIRACE_2016,https://www.facebook.com/spartanrace/videos/10153736789461861/,video,17,Evening,11,243,231,17
Spartan Race,9/18/2016,Coach Q SoCal Sprint Pala http://sprtn.im/WHYIRACE_2016,https://www.facebook.com/spartanrace/videos/10153736843961861/,video,17,Evening,14,254,241,18
Spartan Race,9/18/2016,"Coach Q SoCal Sprint Pala ""SGX Burpee Challenge"" http://sprtn.im/WHYIRACE_2016",https://www.facebook.com/spartanrace/videos/10153736886311861/,video,18,Evening,47,564,479,69
Spartan Race,9/18/2016,#AROO to the podium finishers who conquered the course through the misty mountains at the 2016 Vermo…,https://www.facebook.com/spartanrace/photos/a.10150616692721861.380805.251061411860/10153737324486861/?type=3,photo,21,Evening,8,375,371,13
Spartan Race,9/19/2016,"Coach Q WOD ""Speed Week"" http://sprtn.im/WHYIRACE_2016",https://www.facebook.com/spartanrace/videos/10153739075351861/,video,15,Evening,23,203,192,12
Spartan Race,9/19/2016,60 seconds to spare?  Joe Di gives Spartans tips on how to fit in exercise while making a cup of cof…,https://www.facebook.com/spartanrace/videos/10153739440011861/,video,18,Evening,14,134,130,7
Spartan Race,9/19/2016,Let's hear it for the newest finishers to join the Spartan community in Brazil! Check the action at …,https://www.facebook.com/spartanrace/photos/a.10150616692721861.380805.251061411860/10153739573236861/?type=3,photo,19,Evening,26,1703,1611,25
Spartan Race,9/19/2016,"There's only one option. And that's ""straight up"". Whatever your mountain. #ClimbOn Coors Light",https://www.facebook.com/spartanrace/photos/a.10150616692721861.380805.251061411860/10153739637551861/?type=3,photo,20,Evening,18,429,415,9
Spartan Race,9/19/2016,Coach Jodie Somers is live from Australia with some tips and tricks to get you obstacle ready for yo…,https://www.facebook.com/spartanrace/videos/10153740013591861/,video,23,Late Night,63,530,486,73
Spartan Race,9/20/2016,A 300lbs difference in this epic and inspiring #SpartanTransformation courtesy of @prsplayer24. Post…,https://www.facebook.com/spartanrace/photos/a.10150616692721861.380805.251061411860/10153740809551861/?type=3,photo,7,Morning,74,2383,2170,40
Spartan Race,9/20/2016,Dirt has always wrought new life. What are you growing? #PlantTheSeed #SpartanRace,https://www.facebook.com/spartanrace/photos/a.10150616692721861.380805.251061411860/10153741046526861/?type=3,photo,11,Morning,24,432,418,2
Spartan Race,9/20/2016,"Introducing Spartan Revolution Workout 2.0 (October 15)
http://www.spartan.com/en/training/workout-t…",https://www.facebook.com/spartanrace/videos/10153741123016861/,video,12,Afternoon,36,318,297,43
Spartan Race,9/20/2016,LIKE if you've earned your 2016 #SpartanTrifecta. List the races you completed to earn it. #SpartanR…,https://www.facebook.com/spartanrace/photos/a.10150616692721861.380805.251061411860/10153741210201861/?type=3,photo,12,Afternoon,70,1743,1644,331
Spartan Race,9/20/2016,#TeamFitAid Red and Black battle it out on the Multi Rig in Episode 1 of the Spartan Obstacle Challe…,https://www.facebook.com/spartanrace/videos/10153741842231861/,video,18,Evening,22,295,287,4
Spartan Race,9/20/2016,#TeamFitAID Red and Black head to the grueling barbed wire obstacle in the next episode of the Spart…,https://www.facebook.com/spartanrace/videos/10153742283471861/,video,22,Evening,20,254,242,4
Spartan Race,9/21/2016,"Tell your story! #SpartanRace #WHYIRACE

http://sprtn.im/WHYIRACE_2016",https://www.facebook.com/spartanrace/photos/a.10150616692721861.380805.251061411860/10153743794451861/?type=3,photo,13,Afternoon,16,316,300,3
Spartan Race,9/21/2016,"We're not 100% positive that he's performing a full push-up at the bottom of his burpee, but we'll g…",https://www.facebook.com/LADbible/videos/2913085035405334/,video,15,Evening,,15371,12535,472
Spartan Race,9/21/2016,"Coach Q ""Always Learning"" XPT Training",https://www.facebook.com/spartanrace/videos/10153744376401861/,video,18,Evening,12,208,189,18
Spartan Race,9/21/2016,#SpartanParents- teaching kids to throw pointy objects since 431 BC.,https://www.facebook.com/spartanrace/photos/a.10150616692721861.380805.251061411860/10153744746501861/?type=3,photo,21,Evening,20,798,731,8
Spartan Race,9/21/2016,When you know you look good just after completing a muddy obstacle. #NotAModel #ActualRacer #WCW #Sp…,https://www.facebook.com/spartanrace/photos/a.10150616692721861.380805.251061411860/10153744818426861/?type=3,photo,22,Evening,33,2148,2016,26
Spartan Race,9/21/2016,Coach Jodie Somers is live from Australia to take you through some mobility transitions to help keep…,https://www.facebook.com/spartanrace/videos/10153744952176861/,video,23,Late Night,25,258,229,27
Spartan Race,9/22/2016,"#TeamFitAID Black and Red working their legs in a battle of squats, a sandbag carry and a treacherou…",https://www.facebook.com/spartanrace/videos/10153745036601861/,video,0,Late Night,13,178,173,5
Spartan Race,9/22/2016,"Spartan Race and mountainous terrain go hand-in-hand. Luckily, for Spartans of the Northeast thereâ€…",https://www.facebook.com/spartanrace/videos/10153745140121861/,video,1,Late Night,78,441,408,28
Spartan Race,9/22/2016,Started from the bottom now there's beer. #ClimbOn Coors Light,https://www.facebook.com/spartanrace/photos/a.10150616692721861.380805.251061411860/10153746343686861/?type=3,photo,14,Afternoon,13,329,303,19
Spartan Race,9/22/2016,"The U.S. Championship Series continues on NBCSN, Tuesday, September 27th at 10PM EST. Don't miss Spa…",https://www.facebook.com/spartanrace/photos/a.10150560594891861.372646.251061411860/10153746537671861/?type=3,photo,15,Evening,22,78,76,1
Spartan Race,9/22/2016,"#tbt to the World Champion, Robert Killian (@robert_killian) heaving a sand bag up to the mountain's…",https://www.facebook.com/spartanrace/photos/a.10150616692721861.380805.251061411860/10153746936751861/?type=3,photo,19,Evening,4,244,234,10
Spartan Race,9/22/2016,Stay up to date with the weekend's activities at the 2016 #SpartanRace World Championship in North L…,http://sprtn.im/2cPeSBL,link,21,Evening,7,96,95,0
Spartan Race,9/22/2016,#TeamFitAID Red and Black gear up for a double rope climb. Which team's upper body strength will tak…,https://www.facebook.com/spartanrace/videos/10153747182606861/,video,21,Evening,6,168,166,2
Spartan Race,9/23/2016,"""He's one of the most understated badasses ever."" Follow Robert Killian on his #RoadToTahoe in Episo…",https://www.facebook.com/spartanrace/videos/10153747468546861/,video,0,Late Night,30,233,216,8
Spartan Race,9/23/2016,"#fbf to the smokey starting line at the 2014 #SpartanRace World Championship. In just over a week, S…",https://www.facebook.com/spartanrace/videos/10153748562276861/,video,13,Afternoon,17,310,294,6
Spartan Race,9/23/2016,"Coach Q WOD ""Speed & Agility #STFU"" http://sprtn.im/WHYIRACE_2016",https://www.facebook.com/spartanrace/videos/10153748753281861/,video,14,Afternoon,20,192,181,21
Spartan Race,9/23/2016,0,https://www.facebook.com/events/1332490520102718/,event,15,Evening,,68,68,0
Spartan Race,9/23/2016,This City of Brotherly Loveâ€™s Stadium Series race gives Spartans a chance to take on over three mi…,https://www.facebook.com/spartanrace/photos/a.10150616692721861.380805.251061411860/10153755899726861/?type=3,photo,16,Evening,10,166,163,9
Spartan Race,9/23/2016,Your #SwoleMate is now just a swipe away. Weights N' Dates is a  #SpartanRace approved way to meet f…,https://www.facebook.com/spartanrace/photos/a.10150616692721861.380805.251061411860/10153749068701861/?type=3,photo,17,Evening,41,1422,1277,79
Spartan Race,9/23/2016,Welcome to Wintergreen. The infamous Virginia Spartan Race is one of legend. Using the ancient Blue …,https://www.facebook.com/spartanrace/photos/a.10150616692721861.380805.251061411860/10153749151416861/?type=3,photo,18,Evening,246,670,628,93
Spartan Race,9/23/2016,"#TeamFitAID Black and Red battle it out in the final challenge, the Spear Throw. Often referred to a…",https://www.facebook.com/spartanrace/videos/10153749352911861/,video,20,Evening,7,167,162,5
Spartan Race,9/23/2016,"This weekend, the City of Brotherly Loveâ€™s Stadium Series race gives Spartans a chance to take on …",https://www.facebook.com/spartanrace/photos/a.10150616692721861.380805.251061411860/10153749515421861/?type=3,photo,21,Evening,61,381,367,22
Spartan Race,9/23/2016,"Tune in next Tuesday at 10 pm EST on NBC Sports, to see former football player, Randy Moss and thous…",https://www.facebook.com/spartanrace/videos/10153749637496861/,video,22,Evening,526,1288,1234,85
Spartan Race,9/23/2016,Coach Jodie Somers is live from Australia to get you up and moving- join us for a group challenge- S…,https://www.facebook.com/spartanrace/videos/10153749755931861/,video,23,Late Night,30,295,256,69
Spartan Race,9/24/2016,Are you going to be in Lake Tahoe on the 1st? Heck yes! So will Clif Bar. They've designed a filter …,https://www.facebook.com/spartanrace/photos/a.10150616692721861.380805.251061411860/10153749859156861/?type=3,photo,1,Late Night,2,119,107,6
Spartan Race,9/24/2016,"Spartans of Philly, the #SpartanRace volunteers are on the course ready to cheer you on and maybe do…",https://www.facebook.com/spartanrace/photos/a.10150616692721861.380805.251061411860/10153750690911861/?type=3,photo,11,Morning,11,355,343,14
Spartan Race,9/24/2016,The male #SpartanRace Elites start their battle through three miles of concrete course at Citizens B…,https://www.facebook.com/spartanrace/photos/a.10150616692721861.380805.251061411860/10153750721601861/?type=3,photo,11,Morning,8,290,285,9
Spartan Race,9/24/2016,The battle begins in the Blue Ridge Mountains. #SpartanRace,https://www.facebook.com/spartanrace/photos/a.10150616692721861.380805.251061411860/10153750772961861/?type=3,photo,12,Afternoon,30,1088,1027,10
Spartan Race,9/24/2016,Big air from @spartanproteam member Matt Novakovich (@mattnovakovich) as he takes first place in Vir…,https://www.facebook.com/spartanrace/photos/a.10150616692721861.380805.251061411860/10153751160316861/?type=3,photo,15,Evening,8,657,632,23
Spartan Race,9/24/2016,"Spartan Workout Tour - Austin, TX
http:/sprtn.im/WorkoutTour",https://www.facebook.com/spartanrace/videos/10153751205501861/,video,15,Evening,70,469,407,62
Spartan Race,9/24/2016,Congratulations to the Elites who dominated a tough course at the Citizens Bank Park #SpartanRace St…,https://www.facebook.com/spartanrace/photos/a.10150616692721861.380805.251061411860/10153751492671861/?type=3,photo,17,Evening,9,377,364,17
Spartan Race,9/24/2016,Congratulations to the Elites who dominated a tough course at the Citizens Bank Park #SpartanRace St…,https://www.facebook.com/spartanrace/photos/a.10150616692721861.380805.251061411860/10153751492671861/?type=3,photo,17,Evening,9,377,364,17
Spartan Race,9/24/2016,"Let's hear a HUGE #AROO for our first double #trifecta earned by a visual impaired person, Pete Coss…",https://www.facebook.com/spartanrace/photos/a.10150616692721861.380805.251061411860/10153751794856861/?type=3,photo,20,Evening,63,3429,3082,90
Spartan Race,9/25/2016,Less than one week until Spartans will battle it out for the title of Spartan Race World Champion at…,https://www.facebook.com/spartanrace/videos/10153763291586861/,video,4,Late Night,28,181,177,10
Spartan Race,9/25/2016,"#AROO to the top Spartan Elites who conquered the course in Virginia.
Your top Elite men are:
1st Ma…",https://www.facebook.com/spartanrace/photos/a.10150616692721861.380805.251061411860/10153752883636861/?type=3,photo,7,Morning,8,414,397,11
Spartan Race,9/25/2016,#AROO to the Spartan teams who banded together to tackle the Stadium Series race at Citizens Bank Pa…,https://www.facebook.com/spartanrace/photos/a.10150616692721861.380805.251061411860/10153753106511861/?type=3,photo,9,Morning,12,428,418,7
Spartan Race,9/25/2016,The Elites launch off the starting line and into the mist at the 2016 Virginia #SpartanRace Sprint.,https://www.facebook.com/spartanrace/photos/a.10150616692721861.380805.251061411860/10153753286701861/?type=3,photo,12,Afternoon,30,1013,980,13
Spartan Race,9/25/2016,"Spartan Workout Tour - Dallas, TX
http:/sprtn.im/WorkoutTour",https://www.facebook.com/spartanrace/videos/10153753697031861/,video,15,Evening,93,776,692,90
Spartan Race,9/25/2016,"There are few things more satisfying than a tall, cold... ropeclimb. Coors Light #ClimbOn",https://www.facebook.com/spartanrace/photos/a.10150616692721861.380805.251061411860/10153753775921861/?type=3,photo,16,Evening,7,309,301,7
Spartan Race,9/26/2016,Let's hear it for the Spartans who are lucky enough to wake up Monday still sore from a weekend race…,https://www.facebook.com/spartanrace/photos/a.10150616692721861.380805.251061411860/10153755823716861/?type=3,photo,11,Morning,92,1733,1636,78
Spartan Race,9/26/2016,The most anticipated obstacle racing weekend of the year is less than a week away. This Saturday the…,https://www.facebook.com/spartanrace/videos/10153755997826861/,video,13,Afternoon,459,1238,1131,61
Spartan Race,9/26/2016,"Coach Q WOD ""L's & Grip"" coaches choice http://sprtn.im/WHYIRACE_2016",https://www.facebook.com/spartanrace/videos/10153756238781861/,video,15,Evening,6,161,151,24
Spartan Race,9/26/2016,"There's no easy way to complete the Atlas Carry, but there is an easiest way. Check out today's Mond…",https://www.facebook.com/spartanrace/videos/10153756612656861/,video,18,Evening,82,407,399,54
Spartan Race,9/26/2016,A life and fitness makeover starts with a single burpee. #MotivationMonday #WHYIRACE,http://sprtn.im/2cn0uQw,link,20,Evening,5,97,88,5
Spartan Race,9/26/2016,Will the Sandbag Carry be the obstacle that determines the top of the podium? Tune in for the Ashevi…,https://www.facebook.com/spartanrace/videos/10153756933046861/,video,21,Evening,101,452,432,22
Spartan Race,9/26/2016,Are you going to be in Lake Tahoe on the 1st? Great! So will Clif Bar. They've designed a filter esp…,https://www.facebook.com/spartanrace/photos/a.10150616692721861.380805.251061411860/10153757080126861/?type=3,photo,22,Evening,4,167,163,4
Spartan Race,9/26/2016,"Coach Jodie Somers is live from Australia with a workout to advance your grip strength -AROO ðŸ’ª
ht…",https://www.facebook.com/spartanrace/videos/10153757210731861/,video,23,Late Night,20,284,249,27
Spartan Race,9/27/2016,"Lyndsay Webster swept the U.S. Championship Series, but can she take top honors at the 2016 #Spartan…",https://www.facebook.com/spartanrace/videos/10153757351786861/,video,0,Late Night,23,324,314,5
Spartan Race,9/27/2016,"Spartan gives a huge AROO to the racers, fans and volunteers at the races in Virginia and Citizens B…",https://www.facebook.com/spartanrace/photos/a.10151650652561861.1073741954.251061411860/10153757509926861/?type=3,photo,2,Late Night,3,242,237,7
Spartan Race,9/27/2016,0,https://www.facebook.com/events/663421887153669/,event,3,Late Night,,83,82,1
Spartan Race,9/27/2016,"With less than a week until the #SpartanRace World Championship in North Lake Tahoe, @SpartanProTeam…",https://www.facebook.com/spartanrace/photos/a.10150616692721861.380805.251061411860/10153758369301861/?type=3,photo,13,Afternoon,11,261,251,2
Spartan Race,9/27/2016,Today the Spartan tribe will descend upon the rain soaked labrinth of blasted rock and rugged wilder…,https://www.facebook.com/spartanrace/videos/10153758621811861/,video,15,Evening,327,606,562,41
Spartan Race,9/27/2016,The longest journey never feels too long when I'm with you. Tag your #SpartanPartner! #WHYIRACE,https://www.facebook.com/spartanrace/photos/a.10150616692721861.380805.251061411860/10153758764591861/?type=3,photo,17,Evening,21,1004,940,100
Spartan Race,9/27/2016,"Can willpower and strength bring U.S. Championship Series, winner Ryan Atkins, to the top of the Spa…",https://www.facebook.com/spartanrace/videos/10153758926356861/,video,18,Evening,40,321,312,3
Spartan Race,9/27/2016,AROO to the Spartans that took on the City of Brotherly Loveâ€™s Stadium Series race with over three…,https://www.facebook.com/spartanrace/photos/a.10153759070741861.1073742721.251061411860/10153759071621861/?type=3,photo,20,Evening,9,214,205,7
Spartan Race,9/27/2016,"With two TRIFECTAs, a Hurricane Heat and an Ultra Beast behind her, Claire Lueking has an impressive…",http://sprtn.im/2cG2MrI,link,21,Evening,81,1496,1294,57
Spartan Race,9/27/2016,"As the #Spartan championship race approaches, get inspired to take your workout to the next level wi…",https://www.facebook.com/spartanrace/photos/a.10150616692721861.380805.251061411860/10153759385461861/?type=3,photo,22,Evening,10,158,147,3
Spartan Race,9/27/2016,Together we are stronger.,https://www.facebook.com/photo.php?fbid=10210977218766394&set=gm.1854069841494685&type=3,photo,23,Late Night,,200,194,4
Spartan Race,9/27/2016,Taper with the VTster Before TAHOE!,https://www.facebook.com/spartanrace/videos/10153759526971861/,video,23,Late Night,8,241,218,23
Spartan Race,9/28/2016,One hour until the Asheville Spartan Race airs on NBC Sports. Tune in and find out who tops the podi…,https://www.facebook.com/spartanrace/videos/10153759615626861/,video,1,Late Night,71,609,586,18
Spartan Race,9/28/2016,A brain-eating virus proves to be no match for Spartans Tim and Lori Frame. Read their inspiring sto…,http://sprtn.im/2dv9xLM,link,14,Afternoon,17,161,143,4
Spartan Race,9/28/2016,"Coach Q WOD ""Breathing and mobility"" coaches choice http://sprtn.im/WHYIRACE_2016",https://www.facebook.com/spartanrace/videos/10153760854946861/,video,15,Evening,20,236,222,41
Spartan Race,9/28/2016,Congrats to all the racers that took on the infamous Virginia Spartan Race. The race is one of legen…,https://www.facebook.com/spartanrace/photos/a.10153760856716861.1073742722.251061411860/10153760856791861/?type=3,photo,15,Evening,21,336,322,8
Spartan Race,9/28/2016,The Spartan Race World Championship is upon us. Tune in for live updates on our social channels (Fac…,https://www.facebook.com/spartanrace/photos/a.10150560594891861.372646.251061411860/10153760877991861/?type=3,photo,15,Evening,19,267,257,2
Spartan Race,9/28/2016,0,https://www.facebook.com/events/195680094176404/,event,16,Evening,,166,148,26
Spartan Race,9/28/2016,The most anticipated obstacle racing weekend of the year will feature Elite racers from over 16 coun…,https://www.facebook.com/spartanrace/photos/a.10150616692721861.380805.251061411860/10153761098471861/?type=3,photo,17,Evening,45,167,154,3
Spartan Race,9/28/2016,Congrats to all the racers that took on the infamous Virginia Spartan Race. The race is one of legen…,https://www.facebook.com/spartanrace/photos/a.10153761086046861.1073742723.251061411860/10153761086116861/?type=3,photo,17,Evening,10,280,267,6
Spartan Race,9/28/2016,"David Magida, Host of Spartan Race on NBCSports, goes live now to recap last night's episode and dis…",https://www.facebook.com/spartanrace/videos/10153761247611861/,video,19,Evening,6,198,185,72
Spartan Race,9/28/2016,Get in the zone with our Spartan Playlist - with songs sourced directly from Clif Bar Spartan athlet…,https://www.facebook.com/spartanrace/photos/a.10150616692721861.380805.251061411860/10153761348771861/?type=3,photo,20,Evening,10,79,79,2
Spartan Race,9/28/2016,"This October, Matt Carroll is headed to the Spartan World Championship with his mother. No, sheâ€™s …",http://sprtn.im/2deBeLl,link,22,Evening,66,1486,1330,25
Spartan Race,9/28/2016,"""To get through a big race like this we're gonna need the energy not only of our competitors, but of…",https://www.facebook.com/spartanrace/photos/a.10150616692721861.380805.251061411860/10153761709331861/?type=3,photo,23,Late Night,2,113,110,1
Spartan Race,9/28/2016,Coach Jodie Somers is live from Australia to talk to you about Race Preparation and building a good …,https://www.facebook.com/spartanrace/videos/10153761777081861/,video,23,Late Night,25,403,365,76
Spartan Race,9/29/2016,Spartan sweepstakes winner has his sights on the Tahoe Ultra Beast finish line. #RoadToTahoe,http://sprtn.im/2dxVZlw,link,0,Late Night,,89,85,1
Spartan Race,9/29/2016,#tbt to last year's #SpartanRace World Championship winner Robert Killian (@robert_killian) crossing…,https://www.facebook.com/spartanrace/videos/10153762935176861/,video,14,Afternoon,8,260,252,7
Spartan Race,9/29/2016,"""Those few seconds can be the difference between first and third place. You canâ€™t just be good at …",https://www.facebook.com/spartanrace/videos/10153763142066861/,video,16,Evening,62,346,329,6
Spartan Race,9/29/2016,We are just TWO DAYS away from kicking off the most anticipated obstacle course race of the year: Th…,https://www.facebook.com/spartanrace/photos/a.10150616692721861.380805.251061411860/10153763328601861/?type=3,photo,17,Evening,53,458,434,5
Spartan Race,9/29/2016,"Don't let age stop you! #WHYIRACE #SpartanRace

http://sprtn.im/WHYIRACE_2016",https://www.facebook.com/spartanrace/photos/a.10150616692721861.380805.251061411860/10153763382516861/?type=3,photo,18,Evening,240,1489,1396,52
Spartan Race,9/29/2016,Coach Joe DI takes us on a tour of the obstacles featured at the 2016 #SpartanRace World Championshi…,https://www.facebook.com/spartanrace/videos/10153763523336861/,video,19,Evening,162,483,449,79
Spartan Race,9/29/2016,"It's back. This weekend tune into Spartan's social media channels (Facebook, Twitter, Instagram and …",https://www.facebook.com/spartanrace/photos/a.10150616692721861.380805.251061411860/10153763589826861/?type=3,photo,20,Evening,65,660,642,12
Spartan Race,9/29/2016,"""I want to define this sport so that people later on in life can challenge themselves and be better …",https://www.facebook.com/spartanrace/videos/10153763842571861/,video,22,Evening,32,406,390,7
Spartan Race,9/30/2016,"Faye Stenning may be a taken woman, but don't give up hope- you can still find your #SwoleMate by do…",https://www.facebook.com/spartanrace/photos/a.10150616692721861.380805.251061411860/10153764084656861/?type=3,photo,1,Late Night,3,213,198,5
Spartan Race,9/30/2016,Coach Joe DI takes us on a tour of the obstacles featured at the 2016 #SpartanRace World Championshi…,https://www.facebook.com/spartanrace/videos/10153764222591861/,video,2,Late Night,86,526,497,51
Spartan Race,9/30/2016,Over the years we've seen our fair share of incredible athletes prove themselves at obstacle racingâ…,https://www.facebook.com/spartanrace/photos/a.10150616692721861.380805.251061411860/10153765233106861/?type=3,photo,13,Afternoon,6,200,190,9
Spartan Race,9/30/2016,Coach Joe DI takes us on a tour of the obstacles featured at the 2016 #SpartanRace World Championshi…,https://www.facebook.com/spartanrace/videos/10153765322216861/,video,14,Afternoon,16,134,130,10
Spartan Race,9/30/2016,"Coach Q WOD ""Sport Specific"" play day http://sprtn.im/WHYIRACE_2016",https://www.facebook.com/spartanrace/videos/10153765417021861/,video,15,Evening,19,280,254,29
Spartan Race,9/30/2016,"Spartan World Championship racers, fans and volunteers, be sure to capture the race weekend on SnapC…",https://www.facebook.com/spartanrace/photos/a.10150616692721861.380805.251061411860/10153765464566861/?type=3,photo,15,Evening,2,182,177,2
Spartan Race,9/30/2016,A message to the Spartans heading to the #SpartanRace World Championship in North Lake Tahoe: Next t…,https://www.facebook.com/spartanrace/photos/a.10150616692721861.380805.251061411860/10153765480196861/?type=3,photo,15,Evening,102,574,498,44
Spartan Race,9/30/2016,Amelia Boone and Robert Killian LIVE from Tahoe!,https://www.facebook.com/spartanrace/videos/10153765538106861/,video,16,Evening,17,613,557,63
Spartan Race,9/30/2016,"""Everyone is excited to see if all the hard work they put in all season long is going to pay off."" S…",https://www.facebook.com/spartanrace/videos/10153765633281861/,video,17,Evening,28,230,219,3
Spartan Race,9/30/2016,Coach Joe DI takes us on a tour of the obstacles featured at the 2016 #SpartanRace World Championshi…,https://www.facebook.com/spartanrace/videos/10153765722436861/,video,18,Evening,20,80,73,5
Spartan Race,9/30/2016,What to expect at this year's #SpartanRace World Championship at North Lake Tahoe. #SpartanWC16,https://www.facebook.com/spartanrace/videos/10153765733236861/,video,18,Evening,47,451,406,76
Spartan Race,9/30/2016,"#SpartanRace founder Joe DeSena and the thigh master himself, Kevin Donoghue take us through The Gor…",https://www.facebook.com/spartanrace/videos/10153765771941861/,video,18,Evening,89,440,386,63
Spartan Race,9/30/2016,The 2016 #SpartanRace World Championship in North Lake Tahoe kicks off TOMORROW. Be sure to follow t…,https://www.facebook.com/spartanrace/photos/a.10150616692721861.380805.251061411860/10153765831976861/?type=3,photo,18,Evening,51,462,440,5
Spartan Race,9/30/2016,The #SpartanRaceWorld Championship is being hosted in North Lake Tahoe at Squaw Valley Resort. Locat…,https://www.facebook.com/spartanrace/videos/10153766021136861/,video,20,Evening,85,410,384,11
Spartan Race,9/30/2016,Coach Joe DI takes us on a tour of the obstacles featured at the 2016 #SpartanRace World Championshi…,https://www.facebook.com/spartanrace/videos/10153766026916861/,video,21,Evening,17,162,155,6
Spartan Race,9/30/2016,Coach Jodie Somers is live from Australia with a workout to get you Spartan Race Ready- it's going t…,https://www.facebook.com/spartanrace/videos/10153766477116861/,video,23,Late Night,28,346,303,38
Spartan Race,9/30/2016,Coach Joe DI takes us on a tour of the obstacles featured at the 2016 #SpartanRace World Championshi…,https://www.facebook.com/spartanrace/videos/10153766400626861/,video,23,Late Night,33,275,270,28
Spartan Race,10/1/2016,Come by the Clif Bar festival booth to #ShowYourSpartan.,https://www.facebook.com/spartanrace/videos/10153766614796861/,video,0,Late Night,7,184,177,3
Spartan Race,10/1/2016,Amelia Boone catches up with Zuzana KocumovÃ¡ about her preparation for this year's World Championsh…,https://www.facebook.com/spartanrace/videos/10153766695176861/,video,1,Late Night,17,351,309,28
Spartan Race,10/1/2016,Tap that bell then celebrate with a refreshing Coors Light. #ClimbOn,https://www.facebook.com/spartanrace/photos/a.10150616692721861.380805.251061411860/10153766717171861/?type=3,photo,1,Late Night,6,226,218,5
Spartan Race,10/1/2016,The biggest race of the Spartan calendar is here. The Spartan Race World Championship kicks off earl…,https://www.facebook.com/spartanrace/photos/a.10150616692721861.380805.251061411860/10153766757431861/?type=3,photo,2,Late Night,182,670,604,43
Spartan Race,10/1/2016,"The #SpartanWC16 begins! Founder Joe DeSena has some fun with the ""strangers"" grabbing their morning…",https://www.facebook.com/spartanrace/videos/10153767855516861/,video,13,Afternoon,9,165,152,3
Spartan Race,10/1/2016,"We are live in Tahoe at the Spartan Race World Championship with Spartan CEO Joe DeSena, who is star…",https://www.facebook.com/spartanrace/videos/10153767901431861/,video,14,Afternoon,106,565,515,47
Spartan Race,10/1/2016,"#SpartanRace founder Joe DeSena and wrestling phenom Kyle Dake (@kyledake444) lament on their ""getti…",https://www.facebook.com/spartanrace/videos/10153767921911861/,video,14,Afternoon,3,57,56,2
Spartan Race,10/1/2016,"The Elite men kick off the starting line at North Lake Tahoe, racing to the finish where they hope t…",https://www.facebook.com/spartanrace/videos/10153767938681861/,video,14,Afternoon,77,1101,922,318
Spartan Race,10/1/2016,"The Elite women prepare for glory at North Lake Tahoe, ready to become the next World Champion.",https://www.facebook.com/spartanrace/videos/10153767975531861/,video,14,Afternoon,55,1102,949,191
Spartan Race,10/1/2016,Thigh master live!,https://www.facebook.com/spartanrace/videos/10153768031796861/,video,15,Evening,29,318,289,49
Spartan Race,10/1/2016,Amelia Boone live from Tahoe at mile 4's Thigh Master with the elite women.,https://www.facebook.com/spartanrace/videos/10153768061936861/,video,15,Evening,11,431,352,26
Spartan Race,10/1/2016,Amelia Boone live from Tahoe at mile 4's Thigh Master with the elite women. (For real this time.),https://www.facebook.com/spartanrace/videos/10153768068341861/,video,15,Evening,20,457,411,36
Spartan Race,10/1/2016,The natural wonder of Tahoe not only inspires awe but insulates its stories from modern technology. …,https://www.facebook.com/spartanrace/videos/10153768101176861/,video,15,Evening,8,149,147,2
Spartan Race,10/1/2016,Elite women taking on a field of obstacles.,https://www.facebook.com/spartanrace/videos/10153768161816861/,video,16,Evening,81,1129,986,159
Spartan Race,10/1/2016,Don't let the views fool you - Tahoe is  pulverizing up these Spartans and turning them into sawdust…,https://www.facebook.com/spartanrace/videos/10153768183961861/,video,16,Evening,29,424,380,19
Spartan Race,10/1/2016,0,https://www.facebook.com/spartanrace/videos/10153671139621861/,video,16,Evening,,209,185,5
Spartan Race,10/1/2016,Amelia Boone live at Herc Hoist a half mile from the finish line of the World Championship here in T…,https://www.facebook.com/spartanrace/videos/10153768232466861/,video,17,Evening,10,353,334,30
Spartan Race,10/1/2016,Finish line,https://www.facebook.com/spartanrace/videos/10153768241846861/,video,17,Evening,36,1178,1099,49
Spartan Race,10/1/2016,Hobie Call has won the Spartan World Championship. We are Live at the finish line!,https://www.facebook.com/spartanrace/videos/10153768244391861/,video,17,Evening,37,858,794,83
Spartan Race,10/1/2016,Finish Line continued,https://www.facebook.com/spartanrace/videos/10153768302186861/,video,17,Evening,34,587,520,44
Spartan Race,10/1/2016,#SpartanRace Pro Teamer Faye Stenning @fayestenning_ocr giving every ounce she has to stay in compet…,https://www.facebook.com/spartanrace/videos/10153768305641861/,video,17,Evening,11,292,280,5
Spartan Race,10/1/2016,We are at the finish line with the top Women's finishers of the 2016 Spartan Race World Championship…,https://www.facebook.com/spartanrace/videos/10153768322991861/,video,17,Evening,57,1015,838,121
Spartan Race,10/1/2016,"Your 2016 #SpartanWC16 top finishers: Zuzana Kocumova, Lindsay Webster and Faye Stenning. #SpartanRa…",https://www.facebook.com/spartanrace/photos/a.10150616692721861.380805.251061411860/10153768395991861/?type=3,photo,18,Evening,62,1207,1128,41
Spartan Race,10/1/2016,Congratulations to our champions at this year's Spartan Race World Championship.,https://www.facebook.com/spartanrace/videos/10153768723356861/,video,20,Evening,40,860,779,96
Spartan Race,10/1/2016,"If you missed the #SpartanWC16, you missed a slew of new obstacles. If you raced today, what was you…",https://www.facebook.com/spartanrace/photos/a.10150616692721861.380805.251061411860/10153769172281861/?type=3,photo,23,Late Night,12,347,336,30
Spartan Race,10/2/2016,"Our Spartan Beast, Randy Moss, minutes away from the finish line. #SpartanRace",https://www.facebook.com/spartanrace/videos/10153769205711861/,video,0,Late Night,175,1491,1368,186
Spartan Race,10/2/2016,Good morning Spartans. Amie Ellis here. We are excited to bring you a new campaign for the month of …,https://www.facebook.com/spartanrace/videos/10153770274131861/,video,11,Morning,229,1637,1524,116
Spartan Race,10/2/2016,The Ultra Beast racers are ready to storm the course in @North Lake Tahoe. #SpartanRace,https://www.facebook.com/spartanrace/videos/10153770363196861/,video,12,Afternoon,55,900,768,165
Spartan Race,10/2/2016,"The final obstacle of the 14+ mile, 35+ obstacle World Championship course is INSANE!  Saving the wo…",https://www.facebook.com/spartanrace/videos/10153770487951861/,video,13,Afternoon,135,2158,2018,142
Spartan Race,10/2/2016,"The 26+ mile, 70+ obstacle #SpartanWC16 ULTRA BEAST begins! Give the racers your support in the comm…",https://www.facebook.com/spartanrace/photos/a.10150616692721861.380805.251061411860/10153770518361861/?type=3,photo,13,Afternoon,67,1886,1743,86
Spartan Race,10/2/2016,"This is what happened to Bryce Astill, a Spartan who left his home in Utah with no reason to believe…",http://sprtn.im/2cyKydb,link,14,Afternoon,11,247,214,5
Spartan Race,10/2/2016,#SpartanRace founder practicing what he preaches by completing the #SpartanWC16 Beast.,https://www.facebook.com/spartanrace/photos/a.10150616692721861.380805.251061411860/10153770683216861/?type=3,photo,15,Evening,26,1547,1467,28
Spartan Race,10/2/2016,Ultra beast leader completing his first lap,https://www.facebook.com/spartanrace/videos/10153770787991861/,video,15,Evening,30,932,851,83
Spartan Race,10/2/2016,This #SpartanMedal is one for the mantle! Post a picture of your #SpartanWC16 medal and tag it #Spar…,https://www.facebook.com/spartanrace/photos/a.10150616692721861.380805.251061411860/10153770830186861/?type=3,photo,16,Evening,4,590,572,12
Spartan Race,10/2/2016,A Spartan Kids only race! Thousands of young Spartans are conquered their course in Connecticut this…,https://www.facebook.com/RunningandRacing/videos/578959748960801/,video,16,Evening,,499,440,25
Spartan Race,10/2/2016,"Spartans at North Lake Tahoe, check out our Facebook event page for information regarding updated cu…",https://www.facebook.com/events/499191650267495/,event,18,Evening,,106,100,2
Spartan Race,10/2/2016,Canadian Spartan Marc Bedard takes the lead in the #ULTRABEAST but he'll have to battle the elements…,https://www.facebook.com/spartanrace/videos/10153771139361861/,video,18,Evening,18,509,488,17
Spartan Race,10/2/2016,Joe DI Live from Bucket Carry!,https://www.facebook.com/spartanrace/videos/10153771169371861/,video,18,Evening,17,493,453,47
Spartan Race,10/2/2016,"Your top finishers at this year's #SpartanWC16 #UltraBeast: 
1- Marc Andre Bedard @marco_bed (Canada…",https://www.facebook.com/spartanrace/photos/a.10150616692721861.380805.251061411860/10153771387811861/?type=3,photo,20,Evening,9,690,663,24
Spartan Race,10/2/2016,"""Couldn't wait to get home and put it all together! Tahoe Beast, you tried to stop me, but I hung to…",https://www.facebook.com/spartanrace/photos/a.10150616692721861.380805.251061411860/10153771457266861/?type=3,photo,21,Evening,1,552,534,9
Spartan Race,10/2/2016,"Your top finishers at this year's #SpartanWC16 #UltraBeast: 
1st Allison Tai @yo.mama.so.fit - Canad…",https://www.facebook.com/spartanrace/photos/a.10150616692721861.380805.251061411860/10153771485401861/?type=3,photo,21,Evening,2,299,287,13
Spartan Race,10/2/2016,"Tahoe had one last surprise for us Spartans today - snow! It's just nature's way of saying ""#STFU an…",https://www.facebook.com/spartanrace/photos/a.10150616692721861.380805.251061411860/10153771740861861/?type=3,photo,23,Late Night,66,2188,2000,32
Spartan Race,10/3/2016,More happens in a Spartan second than in a normal week. #ShowYourSpartan,https://www.facebook.com/spartanrace/videos/10153771951256861/,video,0,Late Night,,148,137,0
Spartan Race,10/3/2016,"When Randy Moss,one of the greatest football players of all time, shows off his #SpartanTrifecta on …",https://www.facebook.com/spartanrace/photos/a.10150616692721861.380805.251061411860/10153771992896861/?type=3,photo,1,Late Night,747,5847,5440,173
Spartan Race,10/3/2016,"As the sun sets on another World Championship, we can't help but think about how many countless stor…",https://www.facebook.com/spartanrace/photos/a.10150616692721861.380805.251061411860/10153772180461861/?type=3,photo,3,Late Night,114,1191,1079,20
Spartan Race,10/3/2016,How many Spartans out there are feeling sore after an epic weekend in @tahoenorth? #SpartanRace #Med…,https://www.facebook.com/spartanrace/photos/a.10150616692721861.380805.251061411860/10153772724546861/?type=3,photo,10,Morning,7,992,963,15
Spartan Race,10/3/2016,"It is a brand new week Spartans. Time to Spartan up and bring awareness to breast cancer.
Tag three …",https://www.facebook.com/spartanrace/videos/10153772839206861/,video,11,Morning,59,583,527,56
Spartan Race,10/3/2016,Spartan races aren't easy and it's best to be prepared for the uneven terrain and rugged obstacles y…,https://www.facebook.com/spartanrace/videos/10153773354641861/,video,16,Evening,8,121,118,2
Spartan Race,10/3/2016,"Start the week off strong, and keep it going all week long. 

http://sprtn.im/Endurance-2016",https://www.facebook.com/spartanrace/photos/a.10150616692721861.380805.251061411860/10153773537231861/?type=3,photo,18,Evening,892,3149,2926,26
Spartan Race,10/3/2016,"AROO to all the racers, fans and volunteers that participated in the most epic race on the Spartan c…",https://www.facebook.com/spartanrace/photos/a.10153773535881861.1073742724.251061411860/10153773537306861/?type=3,photo,18,Evening,26,790,749,21
Spartan Race,10/3/2016,Zuzanka Kocumova and Hobie Call crowned 2016 Spartan World Champions.,http://sprtn.im/2dnfOLv,link,20,Evening,7,301,292,6
Spartan Race,10/3/2016,"Cold, mud, obstacles and snow could not stop the thousands of Spartans that raced, cheered and volun…",https://www.facebook.com/spartanrace/photos/a.10150616692721861.380805.251061411860/10153774101291861/?type=3,photo,22,Evening,32,907,865,18
Spartan Race,10/4/2016,"Spartans, join us every morning at 8 AM EST on Facebook with Spartan favorites Amie & Andrew for 30 …",https://www.facebook.com/spartanrace/photos/a.10150616692721861.380805.251061411860/10153774278151861/?type=3,photo,0,Late Night,51,419,394,22
Spartan Race,10/4/2016,Warriors on and off the course! #WHYIRACE #MondayMotivation,http://sprtn.im/2bxAyvL,link,2,Late Night,4,86,84,1
Spartan Race,10/4/2016,0,https://www.facebook.com/events/700394470108841/,event,3,Late Night,,41,39,2
Spartan Race,10/4/2016,We are only a few days into October and we have had many of you bust out burpees. Thank you for your…,https://www.facebook.com/spartanrace/videos/10153775180706861/,video,11,Morning,66,725,635,44
Spartan Race,10/4/2016,The terrain at the Dallas Beast and Sprint later this month will be both beautiful and an obstacle i…,https://www.facebook.com/spartanrace/videos/10153775401601861/,video,14,Afternoon,240,663,611,88
Spartan Race,10/4/2016,"AROO to all the racers, fans and volunteers that participated in the most epic race on the Spartan c…",https://www.facebook.com/spartanrace/photos/a.10153773535881861.1073742724.251061411860/10153775966826861/?type=3,photo,19,Evening,26,790,749,21
Spartan Race,10/4/2016,"Spartans, meet the incredible and inspiring Domi Zaffino. He was diagnosed with cancer at age three …",http://sprtn.im/2d9DfFm,link,20,Evening,29,694,609,5
Spartan Race,10/4/2016,"Dear Todd Orr, Bear Attack-Surviving Badass: Joe De Sena wants to let you know you always have a hom…",https://www.facebook.com/spartanrace/videos/10153776467151861/,video,23,Late Night,144,1194,1065,74
Spartan Race,10/5/2016,Good morning. Amie here with you. We are here to help bring awareness to Breast Cancer. Join our cau…,https://www.facebook.com/spartanrace/videos/10153777398106861/,video,11,Morning,20,272,223,12
Spartan Race,10/5/2016,"AROO to all the racers, fans and volunteers that participated in the most epic race on the Spartan c…",https://www.facebook.com/spartanrace/photos/a.10153777737136861.1073742725.251061411860/10153777740456861/?type=3,photo,15,Evening,11,380,362,7
Spartan Race,10/5/2016,Get off the couch and start your #SpartanTraining with our Couch to Spartan Sprint workout plan: htt…,https://www.facebook.com/spartanrace/photos/a.10153777925781861.1073742726.251061411860/10153777926336861/?type=3,photo,16,Evening,9,190,181,3
Spartan Race,10/5/2016,"Find your happiness within. #SpartanEndure 

http://sprtn.im/Endurance16",https://www.facebook.com/spartanrace/photos/a.10150616692721861.380805.251061411860/10153777960876861/?type=3,photo,17,Evening,76,447,422,1
Spartan Race,10/5/2016,"Why do you race? #WHYIRACE #SpartanRace

http://sprtn.im/WHYIRACE_2016",https://www.facebook.com/spartanrace/photos/a.10150616692721861.380805.251061411860/10153778177401861/?type=3,photo,19,Evening,97,526,495,11
Spartan Race,10/5/2016,Beat the holidays and start your New Year's Resoution today. Use code FALL30 to save 30% on your 201…,https://www.facebook.com/spartanrace/videos/10153778392706861/,video,21,Evening,29,223,216,24
Spartan Race,10/5/2016,"Spartan Race exists to change your life. After such a powerful weekend, we know you have some great …",https://www.facebook.com/spartanrace/photos/a.10150616692721861.380805.251061411860/10153778648171861/?type=3,photo,23,Late Night,6,211,205,10
Spartan Race,10/5/2016,MEME TIME: What's Spartan founder Joe De Sena thinking? The comment with the most likes by 10pm EST …,https://www.facebook.com/spartanrace/photos/a.10150616692721861.380805.251061411860/10153778697466861/?type=3,photo,23,Late Night,12,245,231,524
Spartan Race,10/6/2016,"An adjustable nosepiece, exceptionally light frames and form fitting designs ensure these sunglasses…",http://bit.ly/2dKW2HB,link,1,Late Night,11,81,81,2
Spartan Race,10/6/2016,"Spartans, have you purchased your #burpees4boobs shirts? Help the cause. http://sprtn.im/BurpeesForB…",https://www.facebook.com/spartanrace/videos/10153779785931861/,video,12,Afternoon,22,292,274,30
Spartan Race,10/6/2016,It just might get emotional...,http://sprtn.im/2b4o95k,link,14,Afternoon,64,421,392,16
Spartan Race,10/6/2016,"Spartans, join us every morning at 8 AM EST on Facebook with Spartan favorites Amie & Andrew for 30 …",https://www.facebook.com/spartanrace/photos/a.10150616692721861.380805.251061411860/10153780365851861/?type=3,photo,17,Evening,9,319,297,3
Spartan Race,10/6/2016,"#TBT from the 2016 Asheville Super, where Spartans transformed into ants. #SpartanRace",https://www.facebook.com/spartanrace/photos/a.10150616692721861.380805.251061411860/10153780367451861/?type=3,photo,17,Evening,50,854,787,21
Spartan Race,10/6/2016,"Only two Beasts left for 2016. Have you signed up yet? If not, take advantage of the offer from our …",http://bit.ly/2cVr2rB,link,20,Evening,1,75,75,7
Spartan Race,10/6/2016,Want it? Come get it. #SpartanRace,https://www.facebook.com/spartanrace/photos/a.10150616692721861.380805.251061411860/10153780958916861/?type=3,photo,21,Evening,47,1336,1266,58
Spartan Race,10/6/2016,#TBT That time Randy Moss Spartaned the f*&$ UP! #WHYIRACE #SpartanRace,https://www.facebook.com/spartanrace/photos/a.10150616692721861.380805.251061411860/10153781003176861/?type=3,photo,22,Evening,38,971,937,11
Spartan Race,10/7/2016,In order to be the best and to top the podium Spartan elite athletes must focus on both training and…,https://www.facebook.com/spartanrace/videos/10153781402916861/,video,1,Late Night,32,364,351,5
Spartan Race,10/7/2016,435 pounds of reason to strive to become the best you. Follow @mikeyswoosh1 and congratulate him on …,https://www.facebook.com/spartanrace/videos/10153781471696861/,video,1,Late Night,2080,9243,8097,1597
Spartan Race,10/7/2016,The Beast and Sprint are coming to Marseille this weekend. Good luck to all the Spartans racing. ARO…,https://www.facebook.com/spartanrace/photos/a.10150616692721861.380805.251061411860/10153782397471861/?type=3,photo,12,Afternoon,13,552,533,5
Spartan Race,10/7/2016,Join Spartan Amie & Andrew every morning at 8am EST in support of breast cancer awareness. Get your …,https://www.facebook.com/spartanrace/videos/10153782399811861/,video,12,Afternoon,27,363,316,29
Spartan Race,10/7/2016,The 2016 Spartan Race World Championship in North Lake Tahoe was an epic battle of elite Spartan for…,https://www.facebook.com/spartanrace/videos/10153790376706861/,video,16,Evening,10,112,105,2
Spartan Race,10/7/2016,Why do you race Seattle Spartans? Tell us in the comments below. #SpartanRace #WHYIRACE,http://sprtn.im/2dqiEOK,link,16,Evening,2,82,82,13
Spartan Race,10/7/2016,In order to be the best and to top the podium Spartan elite athletes must focus on both training and…,https://www.facebook.com/spartanrace/videos/10153783042136861/,video,18,Evening,18,342,335,4
Spartan Race,10/7/2016,"Spartans, get ready to do some serious connecting with nature, while making sure you take a moment t…",https://www.facebook.com/spartanrace/photos/a.10150616692721861.380805.251061411860/10153783118401861/?type=3,photo,19,Evening,77,445,425,25
Spartan Race,10/7/2016,"We never have trouble finding enough mud or the most beautiful backwoods for a race, but nothing com…",https://www.facebook.com/spartanrace/videos/10153783540596861/,video,21,Evening,116,681,640,48
Spartan Race,10/7/2016,How will you know that change is real? You'll feel it around your neck. Meet the 2017 finisher medal…,https://www.facebook.com/spartanrace/videos/10153783551941861/,video,22,Evening,177,831,743,81
Spartan Race,10/8/2016,"What are you all waiting for?!?! Let's
Go to CUBA!!!",https://www.facebook.com/events/195680094176404/,event,1,Late Night,,136,121,14
Spartan Race,10/8/2016,0,https://www.facebook.com/events/313416285682523/,event,2,Late Night,,17,16,0
Spartan Race,10/8/2016,We are a week into October and going strong. Stay motivated and stay driven. I am handing the torch …,https://www.facebook.com/spartanrace/videos/10153784884891861/,video,12,Afternoon,12,208,191,7
Spartan Race,10/8/2016,The Elites fire off the starting line and straight into the mines at the 2016 Pittsburgh #SpartanRac…,https://www.facebook.com/spartanrace/photos/a.10150616692721861.380805.251061411860/10153785162611861/?type=3,photo,14,Afternoon,28,1064,1028,15
Spartan Race,10/8/2016,Each course has its own personality and Pittsburgh has a helluva lot of personality. Racing through …,https://www.facebook.com/spartanrace/photos/a.10150616692721861.380805.251061411860/10153785361026861/?type=3,photo,15,Evening,107,1313,1217,84
Spartan Race,10/8/2016,"Congrats to today's winners of the Pittsburgh #SpartanRace Sprint:

WOMEN'S WINNERS

1. Leigh Walker…",https://www.facebook.com/spartanrace/photos/a.10150616692721861.380805.251061411860/10153785771566861/?type=3,photo,19,Evening,8,552,533,6
Spartan Race,10/9/2016,"After finishing the race, they started their life together. Give an ""AROO!"" to this happy #SpartanCo…",https://www.facebook.com/spartanrace/photos/a.10150616692721861.380805.251061411860/10153786462276861/?type=3,photo,0,Late Night,83,6722,5898,129
Spartan Race,10/9/2016,"The action returns Oct. 11... 

spartan.com",https://www.facebook.com/spartanrace/videos/10153786657026861/,video,3,Late Night,64,439,417,6
Spartan Race,10/9/2016,"Tag three friends to complete 30 burpees for breast cancer awareness. Keep the movement going, visit…",https://www.facebook.com/spartanrace/videos/10153787411161861/,video,12,Afternoon,59,451,398,43
Spartan Race,10/9/2016,Not surprised he's a Spartan! Anyone know him - he's earned an annual pass from us! #Repost @therock…,https://www.facebook.com/spartanrace/videos/10153788521366861/,video,20,Evening,66,1589,1456,24
Spartan Race,10/10/2016,Today's burpees will focus on using your obliques. Tag three friends to complete 30 burpees for brea…,https://www.facebook.com/spartanrace/videos/10153790037641861/,video,12,Afternoon,42,319,294,43
Spartan Race,10/10/2016,0,https://www.facebook.com/spartanrace/photos/a.10150560594891861.372646.251061411860/10153790094601861/?type=3,photo,12,Afternoon,18,222,220,6
Spartan Race,10/10/2016,Did you run the Wintergreen Spartan race this year? Tell us why you raced in the comments below. #WH…,http://sprtn.im/2dERti1,link,14,Afternoon,36,295,281,79
Spartan Race,10/10/2016,You can now shop Spartan straight from Facebook - check out http://facebook.com/spartanrace/shop for…,,status,15,Evening,4,37,36,0
Spartan Race,10/10/2016,2015 #SpartanRace World Champion Robert Killian @robert_killian puts the spotlight on his fellow ser…,https://www.facebook.com/spartanrace/photos/a.10150616692721861.380805.251061411860/10153790585896861/?type=3,photo,16,Evening,2,201,185,2
Spartan Race,10/10/2016,Don't let the scenic backdrop distract you from the every varying course at the Oberndorf/Tirol Aust…,https://www.facebook.com/spartanrace/videos/10153790609206861/,video,17,Evening,24,237,222,5
Spartan Race,10/10/2016,We are creating a mass fitness movement across the globe that will be FREE to join and led by Sparta…,https://www.facebook.com/events/190305138057759/,event,19,Evening,,71,71,7
Spartan Race,10/10/2016,"2017 is on the horizon. New medals, new races - same mission.

What are you waiting for? http://sprt…",https://www.facebook.com/spartanrace/videos/10153790943361861/,video,19,Evening,249,1259,1148,61
Spartan Race,10/11/2016,Amongst sky scraping peaks Spartans gather for the culmination of the Spartan US Championship Series…,https://www.facebook.com/spartanrace/videos/10153791474231861/,video,0,Late Night,83,349,333,16
Spartan Race,10/11/2016,Here's a quick exercise to increase your hip mobility which can be especially important following a …,https://www.facebook.com/spartanrace/videos/10153791779121861/,video,3,Late Night,31,138,135,4
Spartan Race,10/11/2016,We are doubling up on your obliques today. Be sure to check in tomorrow as we put these burpees into…,https://www.facebook.com/spartanrace/videos/10153792496581861/,video,12,Afternoon,41,328,291,26
Spartan Race,10/11/2016,Will the log carry determine who comes in first for the male Spartan elites? #SpartanOnNBC #SpartanR…,https://www.facebook.com/spartanrace/videos/10153792770376861/,video,14,Afternoon,37,287,271,8
Spartan Race,10/11/2016,"Spartan's greatest athletes convened in North Lake Tahoe to determine who was the best of the best ,…",https://www.facebook.com/spartanrace/videos/10153793056791861/,video,16,Evening,131,727,687,22
Spartan Race,10/11/2016,Get off the couch and start your #SpartanTraining with our Couch to Spartan Sprint workout plan: htt…,https://www.facebook.com/spartanrace/photos/a.10153793111381861.1073742728.251061411860/10153793117566861/?type=3,photo,17,Evening,13,212,209,5
Spartan Race,10/11/2016,"""One year has passed. Started my first Spartan race on my birthday last year as a gift and from then…",https://www.facebook.com/spartanrace/photos/a.10150616692721861.380805.251061411860/10153793162941861/?type=3,photo,17,Evening,11,1229,1150,24
Spartan Race,10/11/2016,"Tune in tonight for the final chapter in the Spartan US Championship Series hosted in Breckenridge, …",https://www.facebook.com/spartanrace/videos/10153793381241861/,video,20,Evening,133,569,542,26
Spartan Race,10/11/2016,"The power of a team is limitless. #BeTheStorm  #SpartanEndure 

http://sprtn.im/Endurance16",https://www.facebook.com/spartanrace/photos/a.10150616692721861.380805.251061411860/10153793675211861/?type=3,photo,22,Evening,49,458,435,6
Spartan Race,10/12/2016,Worth it. #WHYIRACE #SpartanRace,https://www.facebook.com/spartanrace/photos/a.10150616692721861.380805.251061411860/10153793894296861/?type=3,photo,0,Late Night,15,1051,1003,10
Spartan Race,10/12/2016,"Four races down, one to go. Tune in tonight at 10 PM EST on NBC Sports  for the final race in the Sp…",https://www.facebook.com/spartanrace/videos/10153793895716861/,video,0,Late Night,54,390,366,13
Spartan Race,10/12/2016,Spider crawl burpees! Tag three friends to complete the 30 burpees for breast cancer awareness. Keep…,https://www.facebook.com/spartanrace/videos/10153795170241861/,video,12,Afternoon,69,373,337,49
Spartan Race,10/12/2016,"Every racer has a story, what's yours? #WHYIRACE http://sprtn.im/WHYIRACE_2016",https://www.facebook.com/spartanrace/photos/a.10150560594891861.372646.251061411860/10153601740941861/?type=3,photo,13,Afternoon,63,604,560,24
Spartan Race,10/12/2016,"Spartans are FINALLY receiving their own holiday, known forever as #WorldBurpeeDay. To celebrate, we…",https://www.facebook.com/spartanrace/videos/10153795551741861/,video,15,Evening,234,607,530,80
Spartan Race,10/12/2016,#WorldBurpeeDay,https://www.facebook.com/ascentprotein/videos/360012160998176/,video,17,Evening,,500,484,19
Spartan Race,10/12/2016,Spartans had no trouble finding enough mud and connecting with nature at the Pittsburgh Spartan Race…,https://www.facebook.com/spartanrace/photos/a.10153796055536861.1073742730.251061411860/10153796057261861/?type=3,photo,19,Evening,32,510,493,20
Spartan Race,10/12/2016,NBC Sports Spartan Race Host David Magida goes LIVE to recap last night's episode and provide a worl…,https://www.facebook.com/spartanrace/videos/10153796191581861/,video,20,Evening,11,197,181,61
Spartan Race,10/13/2016,"Spartans, join us every morning at 8 AM EST on Facebook with Spartan favorites Amie & Andrew for 30 …",https://www.facebook.com/spartanrace/photos/a.10150616692721861.380805.251061411860/10153796603971861/?type=3,photo,0,Late Night,7,361,347,6
Spartan Race,10/13/2016,Pull-up burpees! Tag three friends to complete the 30 burpees for breast cancer awareness. Keep the …,https://www.facebook.com/spartanrace/videos/10153797910491861/,video,12,Afternoon,68,415,378,53
Spartan Race,10/13/2016,"""Because I didn't think I could..."" #WHYIRACE #SpartanRace 

http://sprtn.im/WHYIRACE2016",https://www.facebook.com/spartanrace/photos/a.10150616692721861.380805.251061411860/10153798208181861/?type=3,photo,14,Afternoon,20,605,560,10
Spartan Race,10/13/2016,"Spartan Race lands in Rio de Janeiro, Brasil. Join us on October 23 to show yourself what you are ca…",https://www.facebook.com/spartanrace/videos/10153798524561861/,video,17,Evening,24,213,197,7
Spartan Race,10/13/2016,"#TBT to the 2016 Spartan Race World Championship, this year's champions and their fresh, new TomTom …",https://www.facebook.com/spartanrace/photos/a.10150616692721861.380805.251061411860/10153798994141861/?type=3,photo,20,Evening,6,454,429,10
Spartan Race,10/13/2016,"Spartan Pro, Robert Killian recounts the Breckenridge Spartan Race and the final few moments that ul…",https://www.facebook.com/spartanrace/videos/10153799222171861/,video,22,Evening,10,162,158,1
Spartan Race,10/14/2016,"How to conquer the A-Frame Cargo Net. Two lanes and two options for success. #SpartanRace 

For more…",https://www.facebook.com/spartanrace/videos/10153799508936861/,video,0,Late Night,44,336,320,25
Spartan Race,10/14/2016,The Spartan Revolution Workout returns. Thousands of Spartans across the globe will be working out t…,http://sprtn.im/2dardzn,link,1,Late Night,24,280,268,14
Spartan Race,10/14/2016,Facts and fun...w/ swing burpees! Tag three friends to complete ANY 30 burpees for breast cancer awa…,https://www.facebook.com/spartanrace/videos/10153801141616861/,video,12,Afternoon,34,281,258,27
Spartan Race,10/14/2016,Get off the couch and start your #SpartanTraining with our Couch to Spartan Sprint workout plan: htt…,https://www.facebook.com/spartanrace/photos/a.10153801657626861.1073742731.251061411860/10153801657986861/?type=3,photo,15,Evening,11,198,190,5
Spartan Race,10/14/2016,The Spartan Revolution Workout returns. Thousands of Spartans across the globe will be working out t…,https://www.facebook.com/spartanrace/photos/a.10150616692721861.380805.251061411860/10153801916381861/?type=3,photo,17,Evening,33,664,631,13
Spartan Race,10/14/2016,Your #SpartanTrifecta: never leave home without it.,https://www.facebook.com/spartanrace/photos/a.10150616692721861.380805.251061411860/10153802033791861/?type=3,photo,18,Evening,49,2246,2110,29
Spartan Race,10/14/2016,"We need to be role models to the next generation. But sometimes, they show us how to live by example…",https://www.facebook.com/10205136538030240/videos/10210415519761484,video,20,Evening,,2689,2222,67
Spartan Race,10/14/2016,"Get ahead of the holidays, get ahead of 2017. Start training for the 2017 Spartan Race calendar toda…",https://www.facebook.com/spartanrace/photos/a.10150560594891861.372646.251061411860/10153802570531861/?type=3,photo,21,Evening,31,343,323,18
Spartan Race,10/14/2016,South Florida Hurricane Heat,https://www.facebook.com/spartanrace/videos/10153802631561861/,video,22,Evening,56,712,657,77
Spartan Race,10/15/2016,#spartandad burpees! No excuses! Tag three friends to complete 30 burpees for breast cancer awarenes…,https://www.facebook.com/spartanrace/videos/10153804294276861/,video,12,Afternoon,25,331,273,34
Spartan Race,10/15/2016,"Revolution 2.0 Workout
The Compound
Macon, GA
http://sprtn.im/BurpeesForBoobs",https://www.facebook.com/spartanrace/videos/10153804677301861/,video,13,Afternoon,20,327,280,32
Spartan Race,10/15/2016,"Spartan Revolution Workout 2.0 at UFC Edgewater, NJ with Coach ARAGON!!!",https://www.facebook.com/spartanrace/videos/10153804721171861/,video,14,Afternoon,34,395,360,32
Spartan Race,10/15/2016,Join the mass fitness movement across the globe as Spartans come together to participate in the Spar…,https://www.facebook.com/spartanrace/videos/10153804826671861/,video,14,Afternoon,36,388,334,46
Spartan Race,10/15/2016,"Less than one month until Spartans descend on one of the most iconic  stadiums in the US, Fenway Par…",https://www.facebook.com/spartanrace/videos/10153804867306861/,video,15,Evening,85,356,334,26
Spartan Race,10/15/2016,"Dead or asleep? For AGOGE III competitors in China, there's little difference. Stay tuned for scenes…",https://www.facebook.com/spartanrace/videos/10153805075981861/,video,16,Evening,1,70,62,6
